Rk,Name,Age,Tm,IP,G,GS,Wgs,Lgs,ND,Wchp,Ltuf,Wtm,Ltm,tmW-L%,Wlst,Lsv,CG,SHO,QS,QS%,GmScA,Best,Wrst,BQR,BQS,sDR,lDR,RS/GS,RS/IP,IP/GS,Pit/GS,<80,80-99,100-119,≥120,Max
1,Paul Abbott\abbotpa01,35,KCR,47.2,10,8,1,2,5,0,1,4,4,.500,1,1,0,0,3,38%,48.1,72,20,8,5,1,2,5.6,3.9,5.3,91,2,3,3,0,109
2,Jose Acevedo\acevejo01,25,CIN,27.0,5,4,2,0,2,0,0,3,1,.750,0,1,1,0,2,50%,63.5,77,47,0,0,1,1,6.4,5.9,6.5,88,1,1,2,0,111
3,Jeremy Affeldt*\affelje01,24,KCR,126.0,36,18,6,5,7,3,1,9,9,.500,3,1,0,0,5,28%,48.1,64,12,9,5,0,9,5.9,4.8,5.2,88,5,8,5,0,116
4,Kurt Ainsworth\ainswku01,24,TOT,68.1,14,11,5,4,2,1,0,7,4,.636,1,0,0,0,6,55%,,70,25,11,5,0,5,4.4,4.5,6.0,96,2,4,5,0,106
5,Wilson Alvarez*\alvarwi01,33,LAD,95.0,21,12,6,2,4,2,0,9,3,.750,0,1,1,1,7,58%,56.7,85,15,3,0,1,5,4.6,4.3,5.9,89,2,9,0,1,120
6,Brian Anderson*\anderbr02,31,TOT,197.2,32,31,14,11,6,3,2,16,15,.516,5,3,2,1,18,58%,48.7,75,21,11,6,0,16,5.5,5.6,6.3,95,5,12,14,0,116
7,Jimmy Anderson*\anderji02,27,CIN,38.2,8,7,1,5,1,1,0,1,6,.143,0,0,0,0,0,0%,29.9,51,-8,2,0,1,2,5.3,5.0,5.4,85,3,3,1,0,107
8,Kevin Appier\appieke01,35,TOT,111.2,23,23,8,9,6,2,0,13,10,.565,1,4,0,0,7,30%,45.4,67,12,13,4,0,12,4.8,4.0,4.9,87,5,12,6,0,108
9,Tony Armas\armasto02,25,MON,31.0,5,5,2,1,2,0,0,2,3,.400,1,1,0,0,3,60%,58.8,80,41,0,0,0,1,4.7,4.4,6.2,96,0,4,1,0,105
10,Miguel Asencio\asencmi01,22,KCR,48.1,8,8,2,1,5,1,0,7,1,.875,3,4,1,0,2,25%,45.1,68,21,1,1,0,6,6.7,3.9,6.0,99,0,4,4,0,114
11,Andy Ashby\ashbyan01,35,LAD,73.0,21,12,3,8,1,3,1,3,9,.250,0,1,0,0,2,17%,42.8,64,20,9,2,0,9,2.4,1.8,5.0,79,6,6,0,0,96
12,Pedro Astacio\astacpe01,34,NYM,36.2,7,7,3,2,2,0,0,4,3,.571,0,1,0,0,4,57%,37.7,59,7,4,0,0,5,4.7,4.7,5.2,90,2,3,2,0,114
13,Jeff Austin\austije01,26,CIN,28.1,7,7,2,3,2,1,0,3,4,.429,1,1,0,0,1,14%,41.1,59,20,9,5,0,4,5.3,5.9,4.0,78,2,3,1,1,122
14,Mike Bacsik*\bacsimi02,25,NYM,17.2,5,3,1,2,0,1,0,1,2,.333,0,0,0,0,0,0%,36.3,50,28,3,0,0,2,2.7,2.9,4.9,81,2,1,0,0,94
15,John Bale*\balejo01,29,CIN,46.1,10,9,1,2,6,0,0,1,8,.111,1,3,0,0,2,22%,48.7,74,28,7,1,0,1,2.8,2.3,4.9,81,4,4,1,0,105
16,Grant Balfour\balfogr01,25,MIN,26.0,17,1,0,0,1,0,0,1,0,1.000,0,1,0,0,0,0%,32.0,32,32,8,3,1,0,6.2,0.0,2.7,66,1,0,0,0,66
17,Miguel Batista\batismi01,32,ARI,193.1,36,29,10,7,12,2,2,19,10,.655,1,6,2,1,17,59%,53.0,80,23,8,1,2,8,4.9,4.3,6.3,93,5,16,7,1,121
18,Josh Beckett\beckejo02,23,FLA,142.0,24,23,9,8,6,1,3,13,10,.565,2,3,0,0,15,65%,56.7,75,27,12,4,0,11,5.4,4.7,6.1,99,1,8,12,2,123
19,Rob Bell\bellro01,26,TBD,101.0,19,18,5,4,9,0,1,9,9,.500,2,3,0,0,11,61%,45.8,69,20,17,8,1,10,5.2,5.1,5.4,85,6,6,6,0,107
20,Alan Benes\benesal01,31,TOT,23.1,7,4,0,3,1,0,0,1,3,.250,1,0,0,0,0,0%,,33,20,8,3,0,3,4.9,6.2,3.8,76,3,1,0,0,82
21,Joaquin Benoit\benoijo01,25,TEX,105.0,25,17,5,5,7,2,0,8,9,.471,1,4,0,0,3,18%,47.0,78,24,16,4,2,8,5.1,5.0,4.9,90,3,9,5,0,110
22,Kris Benson\bensokr01,28,PIT,105.0,18,18,5,9,4,2,3,7,11,.389,1,2,0,0,9,50%,45.4,70,7,7,2,0,13,4.0,3.8,5.8,97,3,3,12,0,117
23,Jason Bere\bereja01,32,CLE,6.2,2,2,0,0,2,0,0,1,1,.500,1,0,0,0,0,0%,49.5,52,47,3,2,0,1,3.2,4.5,3.3,52,1,1,0,0,88
24,Adam Bernero\bernead01,26,TOT,133.1,49,17,1,12,4,0,5,1,16,.059,1,3,0,0,7,41%,,68,11,25,14,0,9,2.6,2.3,5.9,93,3,6,7,1,121
25,Nick Bierbrodt*\bierbni01,25,TOT,43.1,18,5,0,2,3,0,0,1,4,.200,0,3,0,0,0,0%,,27,12,14,2,0,4,5.9,3.7,3.1,70,2,3,0,0,92
26,Jeremy Bonderman\bondeje01,20,DET,162.0,33,28,6,19,3,1,8,8,20,.286,1,1,0,0,14,50%,42.6,77,8,26,8,0,15,3.6,3.5,5.4,86,6,17,5,0,119
27,Chris Bootcheck\bootcch01,24,ANA,10.1,4,1,0,1,0,0,0,0,1,.000,0,0,0,0,0,0%,14.0,14,14,2,2,0,1,1.0,0.0,3.3,69,1,0,0,0,69
28,Dewon Brazelton\brazede01,23,TBD,48.1,10,10,1,6,3,1,1,2,8,.200,1,2,0,0,1,10%,38.2,50,20,5,2,0,7,4.3,3.2,4.8,82,3,5,2,0,112
29,Jim Brower\broweji01,30,SFG,100.0,51,5,3,2,0,0,0,3,2,.600,0,0,0,0,3,60%,50.4,72,20,14,8,0,1,5.7,4.7,4.9,76,3,2,0,0,95
30,Kevin Brown\brownke01,38,LAD,211.0,32,32,14,9,9,1,4,18,14,.563,3,2,0,0,25,78%,59.8,80,32,7,2,1,12,3.7,3.6,6.6,97,3,15,14,0,114
31,Mark Buehrle*\buehrma01,24,CHW,230.1,35,35,14,14,7,2,7,18,17,.514,2,3,2,0,24,69%,48.9,80,0,18,5,1,8,4.9,4.6,6.6,100,2,12,20,1,128
32,Dave Burba\burbada01,36,MIL,43.1,17,2,0,1,1,0,0,0,2,.000,0,0,0,0,0,0%,40.5,41,40,4,0,0,2,4.0,4.5,4.8,101,0,1,1,0,104
33,John Burkett\burkejo03,38,BOS,181.2,32,30,10,9,11,3,3,17,13,.567,2,7,1,0,15,50%,46.3,73,8,18,3,1,18,5.6,4.8,5.8,92,4,16,10,0,116
34,A.J. Burnett\burnea.01,26,FLA,23.0,4,4,0,2,2,0,0,2,2,.500,1,1,0,0,1,25%,49.5,61,41,5,0,0,2,3.3,2.7,5.8,103,0,1,3,0,113
35,Mike Bynum*\bynummi01,25,SDP,36.0,13,5,1,3,1,1,0,2,3,.400,1,0,0,0,1,20%,36.4,59,21,7,3,0,0,4.5,5.8,4.6,77,3,2,0,0,93
36,Kiko Calero\calerki01,28,STL,38.1,26,1,0,0,1,0,0,0,1,.000,1,0,0,0,0,0%,64.0,64,64,7,0,0,0,4.0,7.2,5.0,86,0,1,0,0,86
37,Mickey Callaway\callami01,28,TOT,60.2,23,7,1,5,1,0,1,2,5,.286,1,0,0,0,2,29%,36.3,66,12,11,7,0,6,5.5,4.8,4.7,88,1,5,1,0,105
38,Chris Capuano*\capuach01,24,ARI,33.0,9,5,2,3,0,0,0,2,3,.400,0,0,0,0,2,40%,49.0,77,24,5,1,1,4,4.2,3.8,5.3,84,2,3,0,0,99
39,D.J. Carrasco\carradj01,26,KCR,80.1,50,2,0,0,2,0,0,1,1,.500,0,1,0,0,0,0%,47.5,49,46,10,5,2,0,6.5,6.0,4.2,82,1,1,0,0,85
40,Shawn Chacon\chacosh01,25,COL,137.0,23,23,11,8,4,1,1,13,10,.565,2,1,0,0,14,61%,50.2,84,-9,13,4,0,11,5.3,4.5,6.0,96,3,7,13,0,117
41,Bruce Chen*\chenbr01,26,TOT,24.1,16,2,0,1,1,0,0,1,1,.500,0,1,0,0,0,0%,,45,43,4,0,1,1,6.9,3.0,4.5,72,2,0,0,0,78
42,Brandon Claussen*\clausbr01,24,NYY,6.1,1,1,1,0,0,0,0,1,0,1.000,0,0,0,0,1,100%,55.0,55,55,0,0,0,1,9.0,11.6,6.3,105,0,0,1,0,105
43,Roger Clemens\clemero02,40,NYY,211.2,33,33,17,9,7,3,2,20,13,.606,4,3,1,1,21,64%,54.2,87,15,20,10,0,17,5.0,5.3,6.4,105,2,8,19,4,133
44,Matt Clement\clemema01,28,CHC,201.2,32,32,14,12,6,1,3,18,14,.563,1,3,2,1,20,63%,53.8,89,10,21,9,0,14,4.2,4.1,6.3,98,2,14,15,1,127
45,Bartolo Colon\colonba01,30,CHW,242.0,34,34,15,13,6,0,2,18,16,.529,3,3,9,0,22,65%,55.1,82,11,12,4,1,12,5.3,5.0,7.1,104,2,10,19,3,132
46,Clay Condrey\condrcl01,27,SDP,34.0,9,6,1,1,4,1,0,2,4,.333,1,3,0,0,1,17%,38.5,55,17,3,3,1,3,5.5,3.2,5.1,92,2,3,0,1,126
47,David Cone\coneda01,40,NYM,18.0,5,4,1,3,0,1,0,1,3,.250,0,0,0,0,0,0%,42.0,65,19,1,1,0,3,2.3,2.1,4.0,78,1,3,0,0,96
48,José Contreras\contrjo01,31,NYY,71.0,18,9,6,1,2,0,0,7,2,.778,0,0,0,0,7,78%,63.0,82,22,14,6,1,4,5.2,5.3,6.4,98,1,3,5,0,116
49,Aaron Cook\cookaa01,24,COL,124.0,43,16,3,6,7,1,1,4,12,.250,0,4,1,0,6,38%,39.1,74,8,25,11,0,8,5.5,6.0,5.4,90,3,11,2,0,107
50,Nate Cornejo\cornena01,23,DET,194.2,32,32,6,17,9,1,4,8,24,.250,4,1,2,0,17,53%,44.1,77,13,25,12,1,15,3.1,3.1,6.1,93,6,11,14,1,124
51,Kevin Correia\correke01,22,SFG,39.1,10,7,3,1,3,2,0,5,2,.714,0,0,0,0,2,29%,49.0,68,31,4,0,1,4,5.5,6.0,4.9,83,3,3,1,0,110
52,Neal Cotts*\cottsne01,23,CHW,13.1,4,4,1,1,2,1,0,2,2,.500,0,0,0,0,0,0%,39.8,51,21,9,1,0,2,6.7,7.5,3.3,77,2,1,1,0,113
53,Juan Cruz\cruzju02,24,CHC,61.0,25,6,1,3,2,0,1,3,3,.500,1,1,0,0,3,50%,46.2,64,24,18,12,0,5,3.8,3.1,5.5,95,0,4,2,0,108
54,Nelson Cruz\cruzne01,30,COL,53.2,20,7,3,3,1,2,0,4,3,.571,1,0,0,0,1,14%,42.0,61,24,5,3,0,5,7.2,6.6,5.2,83,3,2,2,0,107
55,Jeff D'Amico\d'amije01,27,PIT,175.1,29,29,9,16,4,2,3,10,19,.345,5,1,2,1,12,41%,46.4,81,10,17,10,0,19,4.3,4.4,6.0,92,4,16,9,0,111
56,Omar Daal*\daalom01,31,BAL,93.2,19,17,4,10,3,0,3,4,13,.235,2,3,0,0,7,41%,40.2,69,2,13,6,0,12,4.2,3.4,5.2,86,6,5,6,0,117
57,Doug Davis*\davisdo02,27,TOT,109.1,21,20,7,8,5,1,2,9,11,.450,1,0,1,0,10,50%,47.8,78,13,14,6,1,11,4.9,4.7,5.5,95,3,9,6,2,126
58,Jason Davis\davisja02,23,CLE,165.1,27,27,8,11,8,2,0,14,13,.519,2,4,1,0,12,44%,47.2,72,24,18,10,0,17,4.2,4.0,6.1,91,3,17,6,1,123
59,Zach Day\dayza01,25,MON,131.1,23,23,9,8,6,0,1,14,9,.609,2,3,1,1,13,57%,48.5,85,20,16,6,0,10,4.7,4.1,5.7,90,5,12,5,1,125
60,Jorge De Paula\depaujo01,24,NYY,11.1,4,1,0,0,1,0,0,0,1,.000,1,0,0,0,1,100%,76.0,76,76,1,0,0,1,1.8,3.0,6.3,85,0,1,0,0,85
61,Roger Deago*\deagoro01,26,SDP,10.1,2,2,0,1,1,0,0,0,2,.000,0,0,0,0,1,50%,39.5,55,24,1,1,0,1,3.8,4.5,5.2,99,0,1,1,0,106
62,Ryan Dempster\dempsry01,26,CIN,115.2,22,20,3,7,10,0,0,9,11,.450,4,4,0,0,7,35%,40.5,71,13,20,7,4,8,4.4,3.8,5.6,96,2,9,9,0,116
63,Elmer Dessens\desseel01,32,ARI,175.2,34,30,8,8,14,3,1,15,15,.500,3,7,0,0,10,33%,44.7,74,16,21,5,1,10,5.1,4.7,5.6,92,5,17,8,0,113
64,R.A. Dickey\dicker.01,28,TEX,116.2,38,13,5,5,3,1,1,6,7,.462,1,0,1,1,6,46%,47.1,81,25,17,8,2,7,4.9,6.0,5.7,97,3,3,6,1,120
65,Juan Dominguez\dominju01,23,TEX,16.1,6,3,0,2,1,0,0,1,2,.333,0,1,0,0,0,0%,39.7,41,38,5,2,0,1,3.8,4.5,4.7,81,1,2,0,0,89
66,Scott Downs*\downssc01,27,MON,3.0,1,1,0,1,0,0,0,0,1,.000,0,0,0,0,0,0%,30.0,30,30,0,0,0,1,2.0,0.0,3.0,66,1,0,0,0,66
67,Darren Dreifort\dreifda01,31,LAD,60.1,10,10,4,4,2,0,2,5,5,.500,1,2,0,0,7,70%,53.7,69,15,3,2,0,7,2.8,2.3,6.0,99,0,4,5,1,120
68,Ryan Drese\dresery01,27,TEX,46.0,11,8,2,4,2,1,0,3,5,.375,1,0,0,0,2,25%,40.4,60,19,16,8,0,6,6.7,6.5,4.6,84,3,4,0,1,137
69,Tim Drew\drewti01,24,MON,8.2,6,1,0,1,0,0,0,0,1,.000,0,0,0,0,0,0%,30.0,30,30,2,0,1,0,5.0,7.2,4.7,96,0,1,0,0,96
70,Eric DuBose*\duboser01,27,BAL,73.2,17,10,3,5,2,0,2,3,7,.300,2,0,1,0,6,60%,53.1,72,20,13,8,1,4,2.4,3.0,6.3,97,1,4,5,0,117
71,Justin Duchscherer\duchsju01,25,OAK,16.1,4,3,1,1,1,0,0,2,1,.667,0,1,0,0,1,33%,49.3,73,33,1,0,0,2,5.9,7.8,4.8,88,1,1,1,0,102
72,Brandon Duckworth\duckwbr01,27,PHI,93.0,24,18,4,7,7,3,1,7,11,.389,2,2,0,0,5,28%,45.7,70,16,22,4,0,10,4.2,4.2,4.7,85,4,9,5,0,107
73,Chad Durbin\durbich01,25,CLE,8.2,3,1,0,0,1,0,0,0,1,.000,0,0,0,0,0,0%,26.0,26,26,3,1,0,1,7.0,10.8,4.3,82,0,1,0,0,82
74,Adam Eaton\eatonad01,25,SDP,183.0,31,31,9,12,10,2,3,13,18,.419,4,3,1,0,17,55%,51.7,77,28,18,7,0,18,4.2,3.9,5.9,99,2,10,19,0,117
75,Scott Elarton\elartsc01,27,COL,51.2,11,10,4,4,2,2,1,4,6,.400,1,3,0,0,3,30%,37.1,63,22,3,2,1,5,6.4,5.6,5.1,91,2,6,2,0,100
76,Robert Ellis\ellisro02,32,TEX,18.1,4,4,1,1,2,0,0,2,2,.500,0,1,0,0,1,25%,35.3,59,13,6,2,0,3,7.7,8.6,4.6,80,2,1,1,0,109
77,Kelvim Escobar\escobke01,27,TOR,180.1,41,26,12,8,6,1,1,14,12,.538,2,1,1,1,16,62%,52.1,86,14,18,7,2,5,4.4,4.6,6.3,102,3,6,15,2,131
78,Shawn Estes*\estessh01,30,CHC,152.1,29,28,8,11,9,1,2,12,16,.429,3,5,1,1,11,39%,42.6,82,4,19,6,0,14,4.8,4.9,5.4,93,8,5,15,0,119
79,Seth Etherton\etherse01,26,CIN,30.0,7,7,2,4,1,0,0,2,5,.286,0,2,0,0,2,29%,40.6,61,23,4,2,0,3,3.4,2.6,4.3,78,2,3,2,0,103
80,Jeff Fassero*\fasseje01,40,STL,77.2,62,6,0,2,4,0,0,3,3,.500,1,4,0,0,1,17%,49.7,63,35,36,14,0,2,5.8,1.0,4.9,78,4,2,0,0,95
81,Jared Fernandez\fernaja01,31,HOU,38.1,12,6,3,3,0,2,0,3,3,.500,0,0,0,0,1,17%,46.2,61,34,4,1,1,4,3.6,3.9,5.0,80,4,1,1,0,106
82,Nelson Figueroa\figuene01,29,PIT,35.1,12,3,2,0,1,1,0,2,1,.667,0,2,0,0,1,33%,49.0,53,46,1,1,0,2,4.8,1.1,5.3,88,1,2,0,0,97
83,Josh Fogg\foggjo01,26,PIT,142.0,26,26,10,9,7,5,3,14,12,.538,2,3,1,0,12,46%,45.0,73,0,12,4,0,17,5.6,5.5,5.5,82,8,12,6,0,113
84,Jesse Foppert\foppeje01,22,SFG,111.0,23,21,8,9,4,4,1,9,12,.429,1,2,0,0,6,29%,47.6,77,26,15,6,0,13,4.7,5.3,5.1,95,4,8,8,1,122
85,Matt Ford*\fordma01,22,MIL,43.2,25,4,0,3,1,0,0,0,4,.000,0,0,0,0,0,0%,33.5,46,27,7,2,0,2,4.6,3.9,3.6,74,2,2,0,0,92
86,Casey Fossum*\fossuca01,25,BOS,79.0,19,14,5,5,4,3,0,9,5,.643,1,3,0,0,3,21%,45.5,71,17,9,6,0,10,7.2,5.9,5.0,86,2,7,5,0,108
87,Ryan Franklin\frankry01,30,SEA,212.0,32,32,11,13,8,3,6,18,14,.563,2,3,2,1,20,63%,52.6,83,22,12,2,0,16,4.8,4.3,6.6,99,1,14,16,1,121
88,Wayne Franklin*\frankwa01,29,MIL,194.2,36,34,10,13,11,3,1,18,16,.529,0,4,1,1,13,38%,44.3,86,8,27,6,3,7,5.3,4.8,5.6,94,2,20,12,0,118
89,Freddy Garcia\garcifr03,26,SEA,201.1,33,33,12,14,7,1,4,14,19,.424,3,2,1,0,19,58%,50.1,77,7,25,5,1,14,4.4,5.0,6.1,102,5,2,25,1,123
90,Jon Garland\garlajo01,23,CHW,191.2,32,32,12,13,7,3,6,15,17,.469,3,2,0,0,18,56%,48.8,78,15,17,9,1,14,5.0,4.7,6.0,95,4,15,13,0,116
91,Chad Gaudin\gaudich01,20,TBD,40.0,15,3,0,0,3,0,0,2,1,.667,1,0,0,0,1,33%,43.3,50,34,13,3,0,2,5.5,7.3,4.8,87,0,3,0,0,92
92,Chris George*\georgch02,23,KCR,93.2,18,18,9,6,3,6,0,11,7,.611,1,2,0,0,3,17%,37.7,63,2,17,8,0,10,5.8,5.5,5.2,92,3,8,7,0,108
93,Tom Glavine*\glavito02,37,NYM,183.1,32,32,9,14,9,1,2,10,22,.313,5,4,0,0,16,50%,46.9,70,12,22,7,2,15,3.4,3.2,5.7,92,6,12,14,0,114
94,Jimmy Gobble*\gobblji01,21,KCR,52.2,9,9,4,5,0,0,1,4,5,.444,0,0,0,0,5,56%,47.6,69,10,2,0,0,6,3.8,3.1,5.9,92,1,4,4,0,108
95,Edgar Gonzalez\gonzaed01,20,ARI,18.1,9,2,1,1,0,1,0,1,1,.500,0,0,0,0,0,0%,37.0,38,36,4,0,0,1,6.5,9.0,5.5,98,0,1,1,0,101
96,Geremi Gonzalez\gonzaje01,28,TBD,156.1,25,25,6,11,8,1,7,9,16,.360,5,3,2,0,16,64%,52.5,77,13,11,6,1,10,3.6,3.2,6.3,109,0,3,17,5,125
97,Andrew Good\goodan01,23,ARI,66.1,16,10,4,2,4,0,0,6,4,.600,0,3,0,0,5,50%,48.2,66,32,6,4,2,5,4.6,4.1,5.8,88,2,7,1,0,106
98,Danny Graves\graveda01,29,CIN,169.0,30,26,4,14,8,0,4,11,15,.423,5,3,2,1,10,38%,43.0,79,14,15,5,5,12,3.9,3.3,6.2,92,5,13,7,1,124
99,Kevin Gregg\greggke01,25,ANA,24.2,5,3,2,0,1,0,0,2,1,.667,0,2,0,0,3,100%,66.7,68,64,0,0,1,2,2.1,1.4,6.7,101,0,1,2,0,109
100,Jeremy Griffiths\griffje01,25,NYM,41.0,9,6,1,4,1,0,0,2,4,.333,0,0,0,0,2,33%,38.7,62,19,6,2,0,5,4.2,2.7,4.8,90,3,0,3,0,118
101,John Halama*\halamjo01,31,OAK,108.2,35,13,3,5,5,1,0,6,7,.462,1,2,0,0,4,31%,43.2,61,24,21,8,2,7,5.5,6.0,5.2,83,5,7,1,0,103
102,Josh Hall\halljo03,22,CIN,24.2,6,5,0,2,3,0,0,3,2,.600,1,2,0,0,1,20%,40.0,69,22,4,4,1,1,4.0,1.9,4.7,85,2,2,1,0,108
103,Roy Halladay\hallaro01,26,TOR,266.0,36,36,22,7,7,4,1,25,11,.694,2,2,9,2,23,64%,58.0,90,17,11,4,3,8,5.7,5.4,7.4,101,5,10,19,2,122
104,Mike Hampton*\hamptmi01,30,ATL,190.0,31,31,14,8,9,7,3,18,13,.581,3,4,1,0,15,48%,50.7,76,5,17,11,0,7,5.2,5.1,6.1,96,4,11,14,2,128
105,Aaron Harang\haranaa01,25,TOT,76.1,16,15,5,6,4,3,1,8,7,.533,1,3,0,0,3,20%,44.3,75,26,9,2,0,7,4.6,3.7,4.8,82,5,9,1,0,107
106,Rich Harden\harderi01,21,OAK,74.2,15,13,5,4,4,1,0,8,5,.615,1,1,0,0,7,54%,50.0,76,13,9,4,0,4,5.2,4.9,5.6,98,2,4,7,0,109
107,Dan Haren\harenda01,22,STL,72.2,14,14,3,7,4,1,1,4,10,.286,3,1,0,0,5,36%,45.6,71,22,11,7,0,8,4.1,3.9,5.2,83,4,10,0,0,99
108,Jimmy Haynes\hayneji01,30,CIN,94.1,18,18,2,12,4,0,2,4,14,.222,1,2,1,0,6,33%,39.2,79,0,16,6,2,6,4.0,3.9,5.2,93,3,7,8,0,116
109,Aaron Heilman\heilmaa01,24,NYM,65.1,14,13,2,7,4,2,1,4,9,.308,1,3,0,0,3,23%,39.5,62,17,6,3,0,8,3.5,3.0,4.9,90,2,7,4,0,109
110,Rick Helling\helliri01,32,TOT,155.0,35,24,7,8,9,3,1,12,12,.500,3,6,0,0,7,29%,,78,13,13,6,0,12,5.9,5.2,5.8,101,3,6,12,3,126
111,Mark Hendrickson*\hendrma01,29,TOR,158.1,30,30,9,9,12,0,0,16,14,.533,3,6,1,1,12,40%,42.2,67,9,20,5,0,10,6.8,5.7,5.3,85,10,13,7,0,107
112,Pat Hentgen\hentgpa01,34,BAL,160.2,28,22,7,8,7,0,0,7,14,.333,2,2,1,0,11,50%,50.9,79,21,12,4,0,13,3.3,3.1,6.3,102,2,7,12,1,120
113,Dustin Hermanson\hermadu01,30,TOT,68.2,32,6,2,1,3,1,1,4,2,.667,2,0,0,0,2,33%,,61,45,16,5,0,4,4.8,5.3,5.6,91,1,5,0,0,99
114,Liván Hernández\hernali01,28,MON,233.1,33,33,15,10,8,1,4,19,14,.576,2,2,8,0,22,67%,56.6,81,23,9,2,2,13,5.3,4.8,7.1,108,1,10,10,12,138
115,Runelvys Hernandez\hernaru03,25,KCR,91.2,16,16,7,5,4,1,2,9,7,.563,2,2,0,0,10,63%,48.3,72,4,8,5,0,9,5.4,4.9,5.7,90,3,10,3,0,109
116,Sterling Hitchcock*\hitchst01,32,TOT,87.2,35,7,4,1,2,3,0,5,2,.714,1,2,0,0,3,43%,51.7,74,28,24,12,0,2,4.2,4.5,5.4,89,3,1,3,0,107
117,Trey Hodges\hodgetr01,25,ATL,65.2,52,1,0,0,1,0,0,1,0,1.000,0,0,0,0,0,0%,57.0,57,57,11,2,0,0,6.0,7.2,4.7,65,1,0,0,0,65
118,Ben Howard\howarbe01,24,SDP,34.2,6,6,1,3,2,0,0,2,4,.333,0,2,0,0,2,33%,51.5,74,36,3,1,0,3,3.6,2.5,5.8,87,3,1,2,0,104
119,Tim Hudson\hudsoti01,27,OAK,240.0,34,34,16,7,11,0,1,26,8,.765,4,2,3,2,27,79%,59.4,89,11,7,0,0,10,5.6,4.7,7.1,103,1,10,22,1,127
120,Kazuhisa Ishii*\ishiika01,29,LAD,147.0,27,27,9,7,11,2,1,14,13,.519,1,8,0,0,13,48%,51.2,73,16,12,6,0,14,3.7,2.7,5.4,99,3,11,11,2,122
121,Edwin Jackson\jacksed01,19,LAD,22.0,4,3,2,1,0,0,1,2,1,.667,0,0,0,0,3,100%,64.0,67,61,0,0,0,2,3.0,1.9,6.3,93,0,2,1,0,106
122,Kevin Jarvis\jarvike01,33,SDP,92.0,16,16,4,8,4,0,0,6,10,.375,0,2,0,0,5,31%,41.8,65,18,12,6,0,12,3.8,3.1,5.8,91,3,6,7,0,103
123,Jason Jennings\jennija01,24,COL,181.1,32,32,12,13,7,2,5,16,16,.500,2,4,1,0,15,47%,44.4,76,13,13,4,1,14,5.1,4.4,5.7,95,3,11,18,0,113
124,Ryan Jensen\jensery01,27,SFG,13.1,6,2,0,0,2,0,0,2,0,1.000,0,1,0,0,0,0%,21.5,35,8,1,1,0,1,11.6,13.5,3.7,72,1,1,0,0,83
125,Jose Jimenez\jimenjo01,29,COL,101.2,63,7,1,4,2,1,1,2,5,.286,1,0,0,0,3,43%,44.9,55,31,8,1,0,4,3.3,2.7,5.7,86,2,4,1,0,101
126,Jason Johnson\johnsja02,29,BAL,189.2,32,32,10,10,12,3,2,13,19,.406,2,6,0,0,14,44%,47.2,75,21,32,9,0,17,4.6,4.0,5.9,101,4,11,13,4,125
127,Jonathan Johnson\johnsjo08,28,HOU,15.1,4,3,0,1,2,0,0,1,2,.333,0,1,0,0,0,0%,38.0,41,32,7,2,1,2,3.1,3.6,4.8,88,1,2,0,0,96
128,Randy Johnson*\johnsra05,39,ARI,114.0,18,18,6,8,4,2,6,9,9,.500,0,2,1,1,13,72%,52.2,96,6,6,2,0,5,4.0,3.5,6.3,101,0,8,9,1,123
129,Todd Jones\jonesto02,35,TOT,68.2,59,1,0,1,0,0,0,0,1,.000,0,0,0,0,0,0%,,27,27,18,7,1,0,5.0,0.0,4.3,67,1,0,0,0,67
130,Randy Keisler*\keislra01,27,SDP,6.0,2,2,0,1,1,0,0,0,2,.000,0,1,0,0,0,0%,34.0,46,22,0,0,0,2,5.0,1.5,3.0,72,1,1,0,0,88
131,Joe Kennedy*\kennejo04,24,TBD,133.2,32,22,3,11,8,0,1,8,14,.364,1,5,1,1,6,27%,39.2,90,-5,26,5,0,9,3.9,3.6,5.4,92,2,10,10,0,115
132,Masao Kida\kidama01,34,LAD,12.0,3,2,0,1,1,0,0,0,2,.000,0,1,0,0,0,0%,48.5,51,46,0,0,0,1,2.0,0.9,5.0,82,1,1,0,0,85
133,Byung-Hyun Kim\kimby01,24,TOT,122.1,56,12,3,6,3,1,3,4,8,.333,1,1,0,0,7,58%,53.9,70,40,8,1,2,3,5.0,4.8,6.0,94,0,10,2,0,107
134,Sun-Woo Kim\kimsu01,25,MON,14.0,4,3,0,1,2,0,0,1,2,.333,0,1,0,0,0,0%,30.0,38,21,1,0,0,3,5.5,1.5,4.0,73,2,1,0,0,80
135,Matt Kinney\kinnema01,26,MIL,190.2,33,31,10,13,8,4,0,13,18,.419,2,4,1,0,10,32%,46.4,74,18,18,5,0,10,4.8,4.6,6.0,100,1,12,18,0,119
136,Eric Knott*\knotter01,28,MON,19.1,13,1,0,1,0,0,0,0,1,.000,0,0,0,0,0,0%,44.0,44,44,7,3,1,0,1.0,0.0,5.0,72,1,0,0,0,72
137,Gary Knotts\knottga01,26,DET,95.1,20,18,3,8,7,1,2,7,11,.389,0,2,0,0,6,33%,42.8,79,9,26,9,0,11,3.8,3.2,5.1,87,6,7,5,0,113
138,John Lackey\lackejo01,24,ANA,204.0,33,33,10,16,7,1,6,12,21,.364,1,5,2,2,16,48%,48.3,87,7,20,8,0,16,4.3,3.2,6.2,100,1,16,16,0,118
139,Brian Lawrence\lawrebr02,27,SDP,210.2,33,33,10,15,8,1,6,12,21,.364,4,5,1,0,21,64%,50.7,82,1,15,4,0,14,4.3,3.7,6.4,94,3,21,6,3,120
140,Wil Ledezma*\ledezwi01,22,DET,84.0,34,8,1,5,2,0,0,2,6,.250,1,1,0,0,1,13%,39.8,67,10,11,5,0,4,2.8,2.6,4.4,83,2,4,2,0,106
141,Cliff Lee*\leecl02,24,CLE,52.1,9,9,3,3,3,0,2,3,6,.333,1,1,0,0,6,67%,54.1,69,33,5,3,0,7,4.8,5.2,5.8,90,2,5,2,0,105
142,Al Leiter*\leiteal01,37,NYM,180.2,30,30,15,9,6,2,2,18,12,.600,2,4,1,1,20,67%,51.0,78,0,7,5,1,14,4.5,4.4,6.0,108,1,5,17,7,134
143,Colby Lewis\lewisco01,23,TEX,127.0,26,26,10,9,7,5,1,15,11,.577,3,4,0,0,8,31%,39.1,66,14,22,11,0,10,6.1,6.3,4.9,89,6,10,9,1,120
144,Cory Lidle\lidleco01,31,TOR,192.2,31,31,12,15,4,5,3,13,18,.419,1,1,2,0,11,35%,44.1,81,11,23,12,0,11,5.0,5.4,6.2,95,3,19,8,1,127
145,Ted Lilly*\lillyte01,27,OAK,178.1,32,31,12,10,9,3,3,17,14,.548,1,5,0,0,13,42%,50.1,72,15,31,6,1,14,4.4,4.3,5.7,94,4,14,13,0,109
146,Jose Lima\limajo01,30,KCR,73.1,14,14,8,3,3,4,0,10,4,.714,0,3,0,0,4,29%,46.0,71,13,4,2,0,6,5.6,5.3,5.2,86,5,5,4,0,115
147,Scott Linebrink\linebsc01,26,TOT,92.1,52,6,1,0,5,1,0,4,2,.667,2,1,0,0,0,0%,,59,35,26,8,1,2,6.8,4.1,4.8,86,2,4,0,0,95
148,Esteban Loaiza\loaizes01,31,CHW,226.1,34,34,21,9,4,1,4,23,11,.676,3,1,1,0,27,79%,59.5,81,22,14,4,3,11,4.8,4.4,6.7,103,1,8,24,1,121
149,Carlton Loewer\loeweca01,29,SDP,21.2,5,5,1,2,2,1,1,2,3,.400,0,1,0,0,2,40%,38.4,54,17,7,2,0,2,3.9,2.9,4.3,73,3,2,0,0,98
150,Kyle Lohse\lohseky01,24,MIN,201.0,33,33,14,11,8,2,3,19,14,.576,2,6,2,1,20,61%,49.5,83,12,21,7,1,18,5.0,5.0,6.1,92,6,13,14,0,114
151,Rodrigo Lopez\lopezro02,27,BAL,147.0,26,26,7,10,9,0,3,13,13,.500,1,5,3,1,13,50%,43.1,76,11,22,5,0,13,4.8,4.3,5.7,95,5,9,8,4,126
152,Shane Loux\louxsh01,23,DET,30.1,11,4,1,1,2,1,0,1,3,.250,1,0,0,0,0,0%,39.5,57,20,4,2,1,3,4.5,6.0,3.8,59,3,1,0,0,81
153,Derek Lowe\lowede01,30,BOS,203.1,33,33,17,7,9,6,0,22,11,.667,3,6,1,0,17,52%,47.9,73,15,16,7,1,15,6.7,6.5,6.2,95,4,16,13,0,118
154,Greg Maddux\maddugr01,37,ATL,218.1,36,36,16,11,9,4,3,20,16,.556,3,4,1,0,21,58%,50.8,74,8,10,4,2,7,4.6,4.6,6.1,82,15,17,4,0,109
155,Pat Mahomes\mahompa01,32,PIT,22.1,9,1,0,0,1,0,0,1,0,1.000,0,0,0,0,0,0%,56.0,56,56,1,0,1,0,4.5,3.6,5.0,72,1,0,0,0,72
156,David Manning\mannida01,30,MIL,6.2,2,2,0,2,0,0,0,0,2,.000,0,0,0,0,0,0%,21.0,24,18,2,0,0,2,1.0,1.5,3.3,77,1,1,0,0,80
157,Mike Maroth*\marotmi01,25,DET,193.1,33,33,9,21,3,4,8,12,21,.364,4,1,1,0,14,42%,43.0,64,9,20,10,0,15,4.8,4.6,5.9,95,5,13,15,0,118
158,Jason Marquis\marquja01,24,ATL,40.2,21,2,0,0,2,0,0,1,1,.500,1,1,0,0,0,0%,47.5,50,45,5,4,1,1,7.5,3.6,5.2,91,0,2,0,0,99
159,Luis Martinez*\martilu01,23,MIL,16.1,4,4,0,3,1,0,0,1,3,.250,0,1,0,0,0,0%,31.0,40,21,2,0,0,4,5.1,2.5,4.1,80,1,3,0,0,97
160,Pedro Martinez\martipe02,31,BOS,186.2,29,29,14,4,11,1,0,18,11,.621,5,3,3,0,21,72%,62.8,85,6,6,3,0,13,5.1,5.4,6.4,98,3,12,10,4,128
161,Darrell May*\mayda02,31,KCR,210.0,35,32,10,8,14,3,2,15,17,.469,7,3,2,1,16,50%,51.8,79,28,26,11,3,7,5.2,5.4,6.4,99,3,10,19,0,116
162,Joe Mays\maysjo01,27,MIN,130.0,31,21,8,7,6,3,1,12,9,.571,2,5,0,0,7,33%,40.4,68,15,16,3,0,13,5.5,5.6,5.3,82,9,9,3,0,101
163,Seth McClung\mccluse01,22,TBD,38.2,12,5,3,1,1,0,0,3,2,.600,0,1,0,0,3,60%,44.8,70,16,7,4,0,3,4.8,4.4,4.8,78,3,0,2,0,112
164,Brian Meadows\meadobr01,27,PIT,76.1,34,7,1,0,6,0,0,4,3,.571,1,3,0,0,1,14%,39.7,69,27,12,3,3,3,5.9,5.9,4.5,67,6,1,0,0,92
165,Chris Mears\mearsch01,25,DET,41.1,29,3,0,2,1,0,0,0,3,.000,0,1,0,0,0,0%,32.7,37,25,10,7,0,3,1.3,0.0,3.4,66,2,1,0,0,83
166,Gil Meche\mechegi01,24,SEA,186.1,32,32,15,13,4,5,1,17,15,.531,3,1,1,0,15,47%,49.6,80,13,24,11,1,17,4.8,5.3,5.8,96,4,12,16,0,116
167,Ramiro Mendoza\mendora01,31,BOS,66.2,37,5,2,2,1,2,0,3,2,.600,0,1,0,0,0,0%,39.2,56,18,16,10,0,3,6.6,6.0,4.9,78,2,3,0,0,90
168,Wade Miller\millewa04,26,HOU,187.1,33,33,14,13,6,1,2,17,16,.515,2,3,1,0,20,61%,52.1,92,16,22,12,1,12,4.8,4.8,5.7,95,6,11,15,1,120
169,Kevin Millwood\millwke01,28,PHI,222.0,35,35,14,12,9,0,2,17,18,.486,0,3,5,3,23,66%,53.2,94,10,11,4,0,9,4.4,4.1,6.3,100,5,7,23,0,118
170,Eric Milton*\miltoer01,27,MIN,17.0,3,3,1,0,2,0,0,3,0,1.000,1,2,0,0,1,33%,55.7,77,39,0,0,0,2,5.1,4.2,5.7,79,2,1,0,0,88
171,Sergio Mitre\mitrese01,22,CHC,8.2,3,2,0,1,1,0,0,0,2,.000,0,0,0,0,0,0%,31.0,56,6,1,0,0,2,3.0,3.4,3.8,69,2,0,0,0,70
172,Brian Moehler\moehlbr01,31,HOU,13.2,3,3,0,0,3,0,0,3,0,1.000,0,2,0,0,0,0%,33.3,46,26,2,0,0,2,5.2,3.9,4.6,74,2,1,0,0,89
173,Matt Morris\morrima01,28,STL,172.1,27,27,11,8,8,2,3,15,12,.556,3,4,5,3,15,56%,54.2,88,22,2,2,0,11,5.7,4.9,6.4,93,5,9,11,2,124
174,Damian Moss*\mossda01,26,TOT,165.2,31,29,10,12,7,3,5,13,16,.448,2,3,0,0,14,48%,43.6,67,13,28,8,0,15,4.2,4.4,5.6,94,4,15,10,0,116
175,Tony Mounce*\mouncto01,28,TEX,50.2,11,11,1,5,5,1,1,3,8,.273,1,1,0,0,1,9%,39.0,59,24,8,2,0,4,3.3,3.3,4.6,84,4,6,1,0,104
176,Jamie Moyer*\moyerja01,40,SEA,215.0,33,33,21,7,5,3,3,25,8,.758,1,3,1,0,22,67%,54.4,77,20,17,4,0,17,5.6,5.0,6.5,104,1,7,25,0,118
177,Mark Mulder*\muldema01,25,OAK,186.2,26,26,15,9,2,1,3,16,10,.615,0,3,9,2,17,65%,57.4,85,5,5,0,0,10,4.9,4.5,7.2,101,2,8,15,1,125
178,Terry Mulholland*\mulhote01,40,CLE,99.0,45,3,0,1,2,0,0,2,1,.667,0,1,0,0,1,33%,41.7,55,31,14,3,0,2,9.4,5.8,5.9,92,1,1,1,0,108
179,Scott Mullen*\mullesc01,28,TOT,7.1,3,1,0,0,1,0,0,1,0,1.000,0,0,0,0,0,0%,,39,39,1,0,0,1,8.0,12.0,3.0,67,1,0,0,0,67
180,Peter Munro\munrope01,28,HOU,54.0,40,2,0,2,0,0,0,0,2,.000,0,0,0,0,0,0%,23.0,24,22,12,3,1,0,4.5,1.4,2.7,58,2,0,0,0,66
181,Mike Mussina\mussimi01,34,NYY,214.2,31,31,17,8,6,2,1,19,11,.633,2,0,2,1,20,65%,58.4,90,17,14,3,0,17,4.7,5.1,6.9,105,2,8,17,4,122
182,Brett Myers\myersbr01,22,PHI,193.0,32,32,14,9,9,3,3,18,14,.563,1,8,1,1,17,53%,49.0,83,22,24,7,0,13,5.6,4.1,6.0,94,1,19,11,1,126
183,Denny Neagle*\neaglde01,34,COL,35.1,7,7,2,4,1,0,0,2,5,.286,0,0,0,0,3,43%,37.6,56,14,2,0,0,3,4.0,3.8,5.0,86,3,4,0,0,99
184,Hideo Nomo\nomohi01,34,LAD,218.1,33,33,16,13,4,2,4,17,16,.515,0,2,2,2,20,61%,57.3,87,31,16,7,0,12,3.3,3.6,6.6,99,3,9,18,3,122
185,Wes Obermueller\obermwe01,26,MIL,65.2,12,11,2,5,4,0,2,5,6,.455,3,0,0,0,8,73%,43.9,63,13,6,4,1,7,3.8,4.0,5.6,91,2,6,3,0,116
186,Tomo Ohka\ohkato01,27,MON,199.0,34,34,10,12,12,0,4,18,16,.529,2,6,2,0,22,65%,48.4,83,6,27,13,0,8,4.5,3.8,5.9,88,8,16,10,0,118
187,Darren Oliver*\oliveda02,32,COL,180.1,33,32,13,11,8,4,3,18,14,.563,3,3,1,0,15,47%,45.2,70,15,19,9,0,16,5.8,5.4,5.6,84,8,20,4,0,110
188,Ramon Ortiz\ortizra02,30,ANA,180.0,32,32,16,13,3,7,2,17,15,.531,3,1,1,0,12,38%,44.0,72,14,23,5,0,18,5.5,5.4,5.6,94,4,17,11,0,117
189,Russ Ortiz\ortizru01,29,ATL,212.1,34,34,21,7,6,5,2,24,10,.706,3,3,1,1,19,56%,52.7,88,21,25,12,1,7,5.9,6.0,6.2,105,1,11,17,5,131
190,Roy Oswalt\oswalro01,25,HOU,127.1,21,21,10,5,6,2,3,13,8,.619,0,1,0,0,15,71%,56.8,78,31,2,0,0,11,4.9,5.1,6.1,92,3,8,10,0,119
191,Vicente Padilla\padilvi01,25,PHI,208.2,32,32,14,12,6,3,3,17,15,.531,2,3,1,1,19,59%,53.3,83,25,16,4,0,14,5.1,4.5,6.5,99,4,10,16,2,128
192,Chan Ho Park\parkch01,30,TEX,29.2,7,7,1,3,3,1,0,2,5,.286,1,0,0,0,1,14%,38.9,55,19,3,2,0,3,4.6,4.9,4.2,80,4,2,1,0,114
193,Jim Parque*\parquji01,28,TBD,17.1,5,5,1,1,3,0,0,3,2,.600,0,2,0,0,1,20%,30.8,68,17,8,2,0,5,6.3,5.8,3.5,72,3,0,2,0,103
194,Steve Parris\parrist01,35,TBD,43.2,10,7,0,3,4,0,0,1,6,.143,2,1,0,0,2,29%,40.6,58,23,0,0,0,3,3.7,4.0,5.1,89,3,1,3,0,112
195,John Patterson\pattejo02,25,ARI,55.0,16,8,1,4,3,0,1,4,4,.500,0,2,0,0,2,25%,40.6,59,30,6,2,0,4,5.0,2.8,5.2,93,2,3,3,0,110
196,Carl Pavano\pavanca01,27,FLA,201.0,33,32,12,12,8,1,3,18,14,.563,4,2,2,0,21,66%,51.3,78,7,20,11,1,12,4.1,3.8,6.2,95,3,14,15,0,117
197,Jake Peavy\peavyja01,22,SDP,194.2,32,32,12,11,9,2,0,15,17,.469,3,2,0,0,18,56%,52.3,82,14,20,7,0,16,4.1,3.9,6.1,101,2,11,17,2,128
198,Brad Penny\pennybr01,25,FLA,196.1,32,32,14,10,8,4,3,17,15,.531,2,7,0,0,18,56%,51.5,79,12,6,3,0,13,5.0,5.2,6.1,95,5,10,16,1,126
199,Odalis Perez*\perezod01,25,LAD,185.1,30,30,12,12,6,3,6,16,14,.533,1,5,0,0,20,67%,50.7,81,2,9,1,0,13,3.9,3.5,6.2,95,5,14,9,2,132
200,Oliver Perez*\perezol01,21,TOT,126.2,24,24,4,10,10,0,0,11,13,.458,3,4,0,0,8,33%,47.3,72,12,19,7,0,13,3.8,3.0,5.3,96,4,5,15,0,118
201,Andy Pettitte*\pettian01,31,NYY,208.1,33,33,21,8,4,5,2,23,10,.697,1,2,1,0,20,61%,51.5,80,9,17,8,0,17,6.9,6.3,6.3,103,2,11,14,6,127
202,Tommy Phelps*\phelpto01,29,FLA,63.0,27,7,3,2,2,2,0,5,2,.714,0,1,0,0,1,14%,44.0,75,19,7,4,3,1,5.5,4.4,4.8,80,4,1,2,0,114
203,Joel Pineiro\pineijo01,24,SEA,211.2,32,32,16,11,5,1,2,19,13,.594,2,2,3,2,18,56%,53.8,89,13,13,0,0,18,5.4,5.3,6.6,109,1,3,23,5,129
204,Sidney Ponson\ponsosi01,26,TOT,216.0,31,31,17,12,2,3,4,18,13,.581,3,2,4,0,18,58%,53.6,76,23,20,7,0,18,5.1,4.9,7.0,99,3,14,10,4,134
205,Mike Porzio*\porzimi01,30,CHW,14.0,3,3,1,1,1,1,0,1,2,.333,0,1,0,0,0,0%,42.7,48,33,2,0,0,2,4.2,3.2,4.7,71,3,0,0,0,78
206,Brian Powell\powelbr01,29,SFG,4.2,1,1,0,1,0,0,0,0,1,.000,0,0,0,0,0,0%,22.0,22,22,0,0,0,1,3.0,1.8,4.7,77,1,0,0,0,77
207,Mark Prior\priorma01,22,CHC,211.1,30,30,18,6,6,3,2,21,9,.700,2,1,3,1,23,77%,62.8,91,30,15,1,0,13,4.8,4.4,7.0,113,1,3,17,9,133
208,Carlos Pulido*\pulidca01,31,MIN,15.2,7,1,0,1,0,0,0,0,1,.000,0,0,0,0,0,0%,38.0,38,38,3,3,0,1,6.0,0.0,3.0,68,1,0,0,0,68
209,Ruben Quevedo\queveru01,24,MIL,42.2,9,8,1,4,3,0,1,2,6,.250,1,1,0,0,4,50%,40.4,55,13,7,3,0,5,3.9,4.8,5.2,86,2,4,2,0,101
210,Brad Radke\radkebr01,30,MIN,212.1,33,33,14,10,9,3,2,17,16,.515,4,2,3,1,18,55%,49.0,80,8,24,9,0,19,5.2,4.8,6.4,95,3,18,11,1,126
211,Horacio Ramirez*\ramirho01,23,ATL,182.1,29,29,12,4,13,3,1,19,10,.655,3,5,1,0,18,62%,49.7,78,16,19,8,1,15,6.3,5.7,6.3,98,3,9,17,0,116
212,Mario Ramos*\ramosma01,25,TEX,13.0,3,3,1,1,1,0,0,2,1,.667,0,1,0,0,1,33%,43.3,57,35,3,0,0,1,5.9,2.6,4.3,86,1,2,0,0,97
213,Scott Randall\randasc01,27,CIN,27.2,15,2,0,2,0,0,0,0,2,.000,0,0,0,0,0,0%,44.0,52,36,15,6,0,0,0.5,0.0,5.2,69,2,0,0,0,76
214,Tim Redding\redditi01,25,HOU,176.0,33,32,10,13,9,3,5,16,16,.500,2,4,0,0,14,44%,50.1,75,22,22,5,0,12,3.8,3.4,5.5,91,6,17,9,0,112
215,Mark Redman*\redmama01,29,FLA,190.2,29,29,14,9,6,1,2,16,13,.552,2,1,3,0,19,66%,55.2,81,15,11,1,0,12,4.9,4.9,6.6,109,2,4,18,5,140
216,Rick Reed\reedri01,38,MIN,135.0,27,21,5,12,4,0,3,6,15,.286,2,1,2,1,9,43%,46.0,82,2,10,3,1,13,3.4,3.9,5.9,91,4,9,8,0,114
217,Brian Reith\reithbr01,25,CIN,61.1,42,1,1,0,0,1,0,1,0,1.000,0,0,0,0,0,0%,62.0,62,62,15,6,1,0,4.5,3.6,5.0,70,1,0,0,0,70
218,Chris Reitsma\reitsch01,25,CIN,84.0,57,3,1,1,1,0,0,2,1,.667,0,1,0,0,1,33%,34.7,67,7,8,5,1,2,5.2,4.2,5.8,93,1,1,1,0,104
219,Carlos Reyes\reyesca01,34,TBD,39.2,10,3,0,3,0,0,0,0,3,.000,0,0,0,0,0,0%,37.7,51,30,3,3,0,2,3.0,2.5,5.6,85,0,3,0,0,88
220,Shane Reynolds\reynosh01,35,ATL,167.1,30,29,11,9,9,4,1,18,11,.621,1,2,0,0,11,38%,44.3,71,1,27,11,2,10,6.5,5.7,5.7,91,8,11,10,0,115
221,John Riedling\riedljo01,27,CIN,101.0,55,8,0,3,5,0,1,5,3,.625,1,1,0,0,2,25%,36.8,66,14,26,8,1,2,5.6,6.1,4.5,81,4,3,1,0,100
222,Matt Riley*\rileyma01,23,BAL,10.0,2,2,1,0,1,1,0,2,0,1.000,1,0,0,0,0,0%,57.5,63,52,0,0,0,2,3.7,3.6,5.0,91,0,2,0,0,92
223,Todd Ritchie\ritchto01,31,MIL,28.1,5,5,1,2,2,0,0,2,3,.400,1,2,0,0,1,20%,43.2,66,18,4,3,0,1,3.3,3.2,5.7,91,2,1,2,0,111
224,Joe Roa\roajo01,31,TOT,51.1,28,4,0,3,1,0,0,1,3,.250,1,0,0,0,0,0%,,61,21,6,4,1,2,2.8,2.3,3.8,63,4,0,0,0,78
225,Jason Roach\roachja01,27,NYM,9.0,2,2,0,2,0,0,0,0,2,.000,0,0,0,0,0,0%,26.5,36,17,0,0,0,2,3.0,4.0,4.5,70,1,1,0,0,86
226,Jeriome Robertson*\roberje02,26,HOU,160.2,32,31,15,9,7,4,0,19,12,.613,2,1,0,0,13,42%,45.7,74,14,35,12,1,13,5.7,6.3,5.1,82,13,11,7,0,110
227,Nate Robertson*\roberna01,25,DET,44.2,8,8,1,2,5,1,0,3,5,.375,2,3,0,0,4,50%,44.3,67,16,7,6,0,4,4.0,3.0,5.6,95,1,3,4,0,110
228,Ricardo Rodriguez\rodriri03,25,CLE,81.2,15,15,3,9,3,0,1,4,11,.267,2,0,0,0,7,47%,44.3,66,19,2,0,0,8,3.5,3.6,5.4,89,3,8,4,0,113
229,Kenny Rogers*\rogerke01,38,MIN,195.0,33,31,13,8,10,4,2,19,12,.613,1,9,0,0,14,45%,47.5,82,7,19,7,0,16,5.2,5.0,6.2,99,2,11,17,1,131
230,Matt Roney\roneyma01,23,DET,100.2,45,11,1,7,3,0,0,1,10,.091,1,0,0,0,2,18%,40.7,77,17,26,12,0,5,3.6,2.8,4.5,79,5,6,0,0,98
231,Rodrigo Rosario\rosarro01,25,HOU,8.0,2,2,1,0,1,0,0,1,1,.500,0,0,0,0,1,50%,57.5,60,55,1,1,0,2,8.0,11.0,4.0,61,1,1,0,0,86
232,Kirk Rueter*\rueteki01,32,SFG,147.0,27,27,10,5,12,1,1,19,8,.704,4,4,0,0,14,52%,45.2,68,8,20,10,0,13,5.7,5.5,5.4,90,5,15,6,1,121
233,Ryan Rupe\rupery01,28,BOS,10.0,4,1,1,0,0,0,0,1,0,1.000,0,0,0,0,1,100%,52.0,52,52,0,0,0,1,4.5,4.5,6.0,106,0,0,1,0,106
234,Glendon Rusch*\ruschgl01,28,MIL,123.1,32,19,1,12,6,0,1,4,15,.211,4,0,1,0,6,32%,37.5,80,2,23,12,1,5,3.0,3.2,5.3,95,2,9,8,0,115
235,Kirk Saarloos\saarlki01,24,HOU,49.1,36,4,0,1,3,0,0,3,1,.750,0,1,0,0,0,0%,37.8,61,22,8,4,2,1,8.2,7.7,3.3,62,3,1,0,0,81
236,CC Sabathia*\sabatc.01,22,CLE,197.2,30,30,13,9,8,3,4,14,16,.467,2,4,2,1,20,67%,53.6,85,15,10,2,0,19,3.8,3.9,6.6,105,1,11,15,3,120
237,Johan Santana*\santajo02,24,MIN,158.1,45,18,11,2,5,3,1,13,5,.722,2,1,0,0,11,61%,59.7,81,22,19,9,2,7,5.1,5.7,6.1,95,2,7,9,0,118
238,Victor Santos\santovi01,26,TEX,25.2,8,4,0,2,2,0,0,1,3,.250,0,1,0,0,0,0%,39.5,47,32,5,1,0,3,4.1,5.0,4.8,85,1,3,0,0,95
239,Curt Schilling\schilcu01,36,ARI,168.0,24,24,8,9,7,0,4,12,12,.500,1,3,3,2,16,67%,62.3,96,29,1,1,0,8,3.4,3.4,7.0,102,3,3,16,2,126
240,Jason Schmidt\schmija01,30,SFG,207.2,29,29,17,5,7,1,1,24,5,.828,3,1,5,3,20,69%,64.9,91,32,15,2,0,18,4.8,4.7,7.2,107,1,7,16,5,127
241,Aaron Sele\seleaa01,33,ANA,121.2,25,25,7,11,7,6,2,12,13,.480,1,4,0,0,5,20%,42.7,65,7,18,4,0,15,4.8,2.9,4.9,84,9,12,4,0,110
242,Jae Weong Seo\seoja01,26,NYM,188.1,32,31,9,12,10,2,3,9,22,.290,1,6,0,0,17,55%,50.8,76,20,16,2,0,14,4.2,3.5,5.9,92,5,16,9,1,132
243,Dan Serafini*\serafda01,29,CIN,30.0,10,4,0,3,1,0,1,1,3,.250,0,1,0,0,1,25%,35.5,56,3,3,1,0,2,2.6,1.9,4.7,91,1,2,1,0,115
244,Ben Sheets\sheetbe01,24,MIL,220.2,34,34,11,13,10,1,5,18,16,.529,3,5,1,0,18,53%,50.6,79,8,7,1,0,9,4.7,4.0,6.5,99,1,14,16,3,127
245,Scot Shields\shielsc01,27,ANA,148.1,44,13,4,6,3,2,3,6,7,.462,1,1,0,0,6,46%,51.1,83,21,13,5,1,6,3.6,3.6,6.1,94,3,4,6,0,110
246,Carlos Silva\silvaca01,24,PHI,87.1,62,1,0,0,1,0,0,1,0,1.000,0,1,0,0,0,0%,43.0,43,43,16,4,1,0,11.3,4.5,4.0,73,1,0,0,0,73
247,Jason Simontacchi\simonja01,29,STL,126.1,46,16,5,4,7,2,1,10,6,.625,2,2,1,0,6,38%,42.4,76,12,23,9,1,7,6.4,6.8,5.3,87,6,5,5,0,107
248,Kyle Snyder\snydeky01,25,KCR,85.1,15,15,1,6,8,0,1,3,12,.200,3,3,0,0,6,40%,45.6,67,16,7,3,0,9,3.2,2.5,5.7,87,4,9,2,0,111
249,Jorge Sosa\sosajo02,25,TBD,128.2,29,19,5,11,3,3,1,7,12,.368,3,1,1,1,5,26%,46.1,83,18,17,4,0,8,4.1,3.4,5.5,90,5,5,8,1,123
250,Jason Standridge\standja01,24,TBD,35.1,8,7,0,5,2,0,1,1,6,.143,2,0,1,0,1,14%,42.0,53,12,9,5,0,3,2.8,3.1,4.6,77,3,3,1,0,104
251,Jason Stanford*\stanfja01,26,CLE,50.0,13,8,1,2,5,0,2,4,4,.500,2,2,0,0,4,50%,52.1,66,36,7,2,0,7,3.2,3.2,5.6,85,1,6,1,0,105
252,Denny Stark\starkde01,28,COL,78.2,17,13,3,3,7,0,0,7,6,.538,2,3,0,0,4,31%,39.4,68,7,11,2,0,9,6.8,6.7,5.5,93,1,9,3,0,112
253,Garrett Stephenson\stephga01,31,STL,174.1,32,27,7,13,7,0,4,10,17,.370,6,2,1,0,13,48%,48.6,79,20,9,4,1,10,4.0,3.5,6.1,98,3,12,8,4,126
254,Josh Stewart*\stewajo02,24,CHW,25.2,5,5,1,2,2,0,0,2,3,.400,1,0,0,0,2,40%,41.6,56,12,5,4,0,4,6.5,5.4,5.1,97,0,4,1,0,101
255,Tanyon Sturtze\sturtta01,32,TOR,89.1,40,8,3,4,1,0,0,3,5,.375,0,0,0,0,3,38%,39.1,59,12,23,9,0,4,5.7,6.8,5.5,98,0,6,2,0,117
256,Jeff Suppan\suppaje01,28,TOT,204.0,32,31,13,11,7,2,4,18,13,.581,2,3,3,2,18,58%,49.7,83,22,12,3,0,17,4.9,4.7,6.5,101,1,15,12,3,133
257,Brian Tallet*\tallebr01,25,CLE,19.0,5,3,0,2,1,0,0,0,3,.000,0,1,0,0,1,33%,44.0,52,38,1,0,0,3,2.5,4.5,5.2,87,1,2,0,0,96
258,Dennis Tankersley\tankede01,24,SDP,0.0,1,1,0,1,0,0,0,0,1,.000,0,0,0,0,0,0%,12.0,12,12,2,2,0,1,11.0,36.0,0.0,33,1,0,0,0,33
259,Michael Tejera*\tejermi01,26,FLA,81.0,50,6,1,3,2,0,1,1,5,.167,1,1,0,0,3,50%,46.3,64,17,22,10,2,3,3.7,1.7,5.0,82,3,3,0,0,95
260,Amaury Telemaco\telemam01,29,PHI,45.1,8,8,1,4,3,0,1,4,4,.500,2,1,0,0,4,50%,52.3,68,36,6,5,0,4,3.8,2.3,5.7,84,3,3,2,0,110
261,John Thomson\thomsjo01,29,TEX,217.0,35,35,13,14,8,2,3,16,19,.457,3,3,3,1,19,54%,48.4,84,11,15,9,2,10,5.3,5.6,6.2,95,6,11,14,4,134
262,Corey Thurman\thurmco01,24,TOR,15.1,6,3,1,1,1,0,0,1,2,.333,0,1,0,0,1,33%,35.7,67,19,7,2,0,2,5.0,6.0,3.0,69,2,1,0,0,94
263,Brian Tollberg\tollbbr01,30,SDP,10.1,3,3,0,2,1,0,0,0,3,.000,1,0,0,0,0,0%,42.3,54,26,5,5,0,2,3.7,5.3,3.4,50,3,0,0,0,63
264,Brett Tomko\tomkobr01,30,STL,202.2,33,32,13,9,10,6,2,17,15,.531,3,4,2,0,15,47%,45.4,78,-2,21,6,0,9,5.6,6.2,6.2,99,3,11,18,0,117
265,Salomon Torres\torresa01,31,PIT,121.0,41,16,3,4,9,2,2,7,9,.438,5,4,0,0,4,25%,45.3,62,13,19,7,1,6,5.6,4.3,5.1,81,5,11,0,0,94
266,Josh Towers\towerjo01,26,TOR,64.1,14,8,6,1,1,2,0,7,1,.875,0,0,1,0,4,50%,55.1,74,36,4,0,0,3,7.1,7.5,6.6,92,2,5,1,0,107
267,Billy Traber*\trabebi01,23,CLE,111.2,33,18,4,8,6,0,0,7,11,.389,1,2,1,1,5,28%,44.3,90,8,28,4,1,11,4.4,4.6,4.9,81,8,8,2,0,102
268,Steve Trachsel\trachst01,32,NYM,204.2,33,33,16,10,7,5,4,17,16,.515,2,4,2,2,20,61%,51.3,88,13,18,4,0,13,4.6,4.5,6.2,101,3,9,20,1,126
269,Chin-hui Tsao\tsaoch01,22,COL,43.1,9,8,3,3,2,0,0,4,4,.500,0,0,0,0,3,38%,42.3,66,18,11,3,0,6,4.4,4.5,5.3,89,2,5,1,0,103
270,T.J. Tucker\tucket.01,24,MON,80.0,45,7,1,2,4,0,0,3,4,.429,1,1,0,0,2,29%,46.7,65,21,22,11,0,3,5.1,5.3,3.8,60,5,2,0,0,84
271,Ismael Valdez\valdeis01,29,TEX,115.0,22,22,8,8,6,4,1,10,12,.455,3,2,0,0,8,36%,41.0,77,10,9,3,0,9,4.8,4.7,5.2,83,8,11,3,0,119
272,Todd Van Poppel\vanpoto01,31,TOT,48.1,16,5,2,1,2,1,0,3,2,.600,0,3,0,0,2,40%,51.4,68,36,7,3,0,1,4.5,2.5,5.7,92,1,4,0,0,98
273,Cory Vance*\vanceco01,24,COL,27.1,9,3,0,3,0,0,1,0,3,.000,0,0,0,0,1,33%,40.7,48,35,0,0,0,2,2.3,2.3,5.3,88,1,1,1,0,107
274,Claudio Vargas\vargacl01,25,MON,114.0,23,20,6,8,6,1,3,9,11,.450,1,3,0,0,10,50%,48.8,77,14,11,5,2,8,3.7,3.3,5.5,90,6,6,8,0,118
275,Javier Vazquez\vazquja01,26,MON,230.2,34,34,13,12,9,2,5,17,17,.500,3,2,4,1,22,65%,59.2,90,23,12,3,0,8,3.8,3.7,6.8,110,2,9,10,13,136
276,Oscar Villarreal\villaos01,21,ARI,98.0,86,1,0,0,1,0,0,0,1,.000,0,1,0,0,0,0%,42.0,42,42,28,9,1,0,3.0,0.0,3.0,69,1,0,0,0,69
277,Ron Villone*\villoro01,33,HOU,106.2,19,19,6,6,7,2,3,7,12,.368,3,1,0,0,12,63%,52.1,67,28,16,10,0,9,5.8,5.5,5.6,94,4,9,5,1,127
278,Ryan Vogelsong\vogelry01,25,PIT,22.0,6,5,2,2,1,1,0,2,3,.400,0,1,0,0,1,20%,41.0,72,19,7,4,0,4,5.4,4.4,4.2,82,2,0,3,0,116
279,Brad Voyles\voylebr01,26,KCR,31.1,11,3,0,2,1,0,0,0,3,.000,1,0,0,0,0,0%,36.3,55,25,4,4,0,2,4.8,1.4,4.4,77,2,1,0,0,82
280,Doug Waechter\waechdo01,22,TBD,35.1,6,5,2,2,1,1,1,3,2,.600,0,1,1,1,2,40%,56.4,88,44,4,2,0,2,5.7,4.8,6.6,100,0,2,3,0,105
281,Tim Wakefield\wakefti01,36,BOS,202.1,35,33,11,7,15,4,4,16,17,.485,4,9,0,0,18,55%,51.6,68,17,16,4,1,12,5.4,4.5,6.0,95,3,14,15,1,120
282,Pete Walker\walkepe01,34,TOR,55.1,23,7,0,1,6,0,0,3,4,.429,2,2,0,0,1,14%,42.3,61,8,16,4,2,2,6.3,3.9,4.8,80,2,5,0,0,95
283,John Wasdin\wasdijo01,30,TOR,5.0,3,2,0,1,1,0,0,0,2,.000,0,1,0,0,0,0%,20.0,23,17,3,1,0,2,4.5,1.9,1.8,49,2,0,0,0,54
284,Jarrod Washburn*\washbja01,28,ANA,207.1,32,32,10,15,7,1,5,14,18,.438,1,7,2,0,16,50%,50.3,77,0,16,3,0,15,4.3,2.9,6.5,101,2,7,22,1,123
285,Justin Wayne\wayneju01,24,FLA,5.1,2,2,0,2,0,0,0,0,2,.000,0,0,0,0,0,0%,34.0,37,31,4,0,0,1,1.5,1.3,2.7,63,1,0,1,0,103
286,Jeff Weaver\weaveje01,26,NYY,159.1,32,24,7,9,8,2,1,11,13,.458,6,2,0,0,9,38%,41.5,77,9,30,13,1,14,5.1,5.7,6.2,103,0,10,10,4,122
287,Brandon Webb\webbbr01,24,ARI,180.2,29,28,10,9,9,1,5,15,13,.536,2,2,1,1,21,75%,59.0,80,14,6,5,0,7,4.7,4.1,6.4,101,3,7,16,2,121
288,David Wells*\wellsda01,40,NYY,213.0,31,30,14,7,9,2,0,19,11,.633,1,2,4,1,16,53%,49.8,87,8,15,3,0,15,5.8,5.6,6.9,98,2,16,12,0,113
289,Kip Wells\wellski01,26,PIT,197.1,31,31,10,9,12,1,5,14,17,.452,7,4,1,0,21,68%,55.3,75,28,15,5,0,17,4.1,3.7,6.4,103,1,8,21,1,126
290,Jake Westbrook\westbja01,25,CLE,133.0,34,22,6,8,8,4,3,9,13,.409,4,3,1,0,6,27%,45.5,70,16,21,6,0,15,4.6,4.9,5.4,86,5,14,3,0,104
291,Jerome Williams\willije01,21,SFG,131.0,21,21,7,5,9,0,1,12,9,.571,2,5,2,1,13,62%,54.0,74,24,17,10,0,14,4.0,3.7,6.2,97,1,12,7,1,128
292,Woody Williams\williwo02,36,STL,220.2,34,33,18,8,7,5,3,22,11,.667,3,3,0,0,21,64%,53.1,84,9,16,8,1,13,6.5,6.4,6.7,110,0,6,20,7,134
293,Dontrelle Willis*\willido03,21,FLA,160.2,27,27,14,6,7,4,1,19,8,.704,1,3,2,2,16,59%,55.2,92,14,12,6,0,11,4.8,4.3,6.0,99,4,3,20,0,118
294,Kris Wilson\wilsokr01,26,KCR,72.2,29,4,2,2,0,2,0,2,2,.500,0,0,0,0,0,0%,46.0,56,34,9,6,1,2,4.4,4.7,5.3,84,1,2,1,0,100
295,Paul Wilson\wilsopa02,30,CIN,166.2,28,28,8,10,10,2,3,15,13,.536,3,5,0,0,17,61%,46.8,70,7,13,5,2,12,4.6,4.4,6.0,93,3,16,9,0,113
296,Randy Wolf*\wolfra02,26,PHI,200.0,33,33,16,10,7,2,1,21,12,.636,4,4,2,2,18,55%,52.7,82,3,20,8,0,14,5.5,5.5,6.1,99,3,12,16,2,135
297,Kerry Wood\woodke02,26,CHC,211.0,32,32,14,11,7,1,4,18,14,.563,4,2,4,2,22,69%,61.2,89,14,11,4,0,17,4.5,3.9,6.6,111,2,5,12,13,141
298,Mike Wood\woodmi01,23,OAK,13.2,7,1,0,1,0,0,0,0,1,.000,0,0,0,0,0,0%,15.0,15,15,5,2,0,1,3.0,6.0,2.0,63,1,0,0,0,63
299,Dan Wright\wrighda02,25,CHW,86.1,20,15,0,7,8,0,0,7,8,.467,1,3,0,0,5,33%,40.8,61,17,18,10,0,9,4.2,3.2,4.6,82,7,6,2,0,106
300,Jamey Wright\wrighja01,28,KCR,25.1,4,4,1,2,1,0,1,1,3,.250,1,0,2,1,3,75%,52.0,76,13,1,1,0,4,4.0,4.0,6.3,94,1,2,0,1,124
301,Jason Young\youngja01,23,COL,21.1,8,3,0,2,1,0,0,0,3,.000,0,1,0,0,0,0%,34.3,43,26,5,3,0,2,5.1,3.8,4.0,80,1,2,0,0,99
302,Carlos Zambrano\zambrca01,22,CHC,214.0,32,32,13,11,8,2,4,16,16,.500,3,1,3,1,21,66%,55.8,85,18,18,8,0,16,4.4,4.7,6.7,107,1,8,17,6,129
303,Victor Zambrano\zambrvi01,27,TBD,188.1,34,28,11,10,7,3,1,14,14,.500,2,4,1,0,14,50%,51.0,79,14,15,3,1,11,5.1,4.7,6.4,106,1,8,16,3,126
304,Chad Zerbe*\zerbech01,31,SFG,49.2,33,1,0,0,1,0,0,1,0,1.000,0,0,0,0,0,0%,47.0,47,47,7,3,1,0,3.4,2.3,4.7,62,1,0,0,0,62
305,Barry Zito*\zitoba01,25,OAK,231.2,35,35,14,12,9,1,4,19,16,.543,3,1,4,1,23,66%,55.6,81,10,16,6,0,9,4.1,4.4,6.6,107,1,4,27,3,122
